Experiment,Method,Classifier,"Train_MulticlassTruePositiveRate{MLJBase.MacroAvg, OrderedCollections.LittleDict}","Test_MulticlassTruePositiveRate{MLJBase.MacroAvg, OrderedCollections.LittleDict}"
32,original,CT,1.0,0.8398398398398399
32,original,LDA,1.0,0.6676676676676677
32,ldbk,CT,1.0,0.9109109109109109
32,ldbk,LDA,0.9090909090909092,0.8738738738738738
32,ldbkash,CT,1.0,0.6686686686686687
32,ldbkash,LDA,0.8282828282828284,0.6266266266266266
32,ldbkemd,CT,1.0,0.9059059059059059
32,ldbkemd,LDA,0.9090909090909092,0.8708708708708709
29,original,CT,1.0,0.8688688688688688
29,original,LDA,1.0,0.6606606606606608
29,ldbk,CT,1.0,0.8668668668668668
29,ldbk,LDA,0.9090909090909092,0.8748748748748749
29,ldbkash,CT,1.0,0.4944944944944945
29,ldbkash,LDA,0.6363636363636364,0.4544544544544545
29,ldbkemd,CT,1.0,0.8918918918918918
29,ldbkemd,LDA,0.8989898989898991,0.8878878878878879
1,original,CT,1.0,0.8198198198198199
1,original,LDA,1.0,0.7127127127127126
1,ldbk,CT,1.0,0.8598598598598599
1,ldbk,LDA,0.9494949494949495,0.8238238238238238
1,ldbkash,CT,1.0,0.5875875875875876
1,ldbkash,LDA,0.7979797979797979,0.5495495495495496
1,ldbkemd,CT,1.0,0.9309309309309309
1,ldbkemd,LDA,0.9494949494949495,0.8508508508508509
54,original,CT,1.0,0.7747747747747749
54,original,LDA,1.0,0.6696696696696697
54,ldbk,CT,1.0,0.8338338338338339
54,ldbk,LDA,0.8989898989898991,0.8768768768768768
54,ldbkash,CT,1.0,0.6616616616616616
54,ldbkash,LDA,0.7474747474747474,0.5915915915915916
54,ldbkemd,CT,1.0,0.9069069069069068
54,ldbkemd,LDA,0.9090909090909092,0.8768768768768768
78,original,CT,1.0,0.8538538538538539
78,original,LDA,1.0,0.6216216216216216
78,ldbk,CT,1.0,0.8778778778778779
78,ldbk,LDA,0.888888888888889,0.908908908908909
78,ldbkash,CT,1.0,0.8348348348348349
78,ldbkash,LDA,0.9090909090909092,0.924924924924925
78,ldbkemd,CT,1.0,0.8598598598598599
78,ldbkemd,LDA,0.9090909090909092,0.9029029029029029
81,original,CT,1.0,0.8478478478478478
81,original,LDA,1.0,0.7357357357357358
81,ldbk,CT,1.0,0.8888888888888888
81,ldbk,LDA,0.9191919191919192,0.8808808808808809
81,ldbkash,CT,1.0,0.6996996996996997
81,ldbkash,LDA,0.7575757575757577,0.5925925925925927
81,ldbkemd,CT,1.0,0.921921921921922
81,ldbkemd,LDA,0.9191919191919192,0.8798798798798799
2,original,CT,1.0,0.8728728728728729
2,original,LDA,1.0,0.7007007007007008
2,ldbk,CT,1.0,0.924924924924925
2,ldbk,LDA,0.8787878787878788,0.8378378378378377
2,ldbkash,CT,1.0,0.8158158158158159
2,ldbkash,LDA,0.8282828282828283,0.6766766766766766
2,ldbkemd,CT,1.0,0.898898898898899
2,ldbkemd,LDA,0.9090909090909092,0.8288288288288289
74,original,CT,1.0,0.8148148148148149
74,original,LDA,1.0,0.6886886886886887
74,ldbk,CT,1.0,0.9099099099099099
74,ldbk,LDA,0.8787878787878789,0.8718718718718718
74,ldbkash,CT,1.0,0.5995995995995996
74,ldbkash,LDA,0.6262626262626263,0.5615615615615616
74,ldbkemd,CT,1.0,0.9099099099099099
74,ldbkemd,LDA,0.888888888888889,0.888888888888889
41,original,CT,1.0,0.8398398398398399
41,original,LDA,1.0,0.6826826826826827
41,ldbk,CT,1.0,0.9119119119119118
41,ldbk,LDA,0.9191919191919192,0.8538538538538538
41,ldbkash,CT,1.0,0.5745745745745746
41,ldbkash,LDA,0.6666666666666666,0.5025025025025025
41,ldbkemd,CT,1.0,0.936936936936937
41,ldbkemd,LDA,0.9292929292929294,0.8538538538538538
65,original,CT,1.0,0.8078078078078077
65,original,LDA,1.0,0.7007007007007008
65,ldbk,CT,1.0,0.8618618618618618
65,ldbk,LDA,0.9797979797979798,0.8468468468468467
65,ldbkash,CT,1.0,0.7547547547547547
65,ldbkash,LDA,0.8585858585858586,0.6896896896896897
65,ldbkemd,CT,1.0,0.9009009009009009
65,ldbkemd,LDA,0.9797979797979798,0.8418418418418417
51,original,CT,1.0,0.7867867867867867
51,original,LDA,1.0,0.7447447447447448
51,ldbk,CT,1.0,0.924924924924925
51,ldbk,LDA,0.9292929292929294,0.8738738738738738
51,ldbkash,CT,1.0,0.6846846846846848
51,ldbkash,LDA,0.7777777777777777,0.5885885885885885
51,ldbkemd,CT,1.0,0.9329329329329329
51,ldbkemd,LDA,0.9292929292929294,0.8828828828828829
53,original,CT,1.0,0.8608608608608609
53,original,LDA,1.0,0.5925925925925926
53,ldbk,CT,1.0,0.8998998998998999
53,ldbk,LDA,0.8787878787878788,0.8058058058058059
53,ldbkash,CT,1.0,0.7997997997997999
53,ldbkash,LDA,0.7373737373737373,0.5785785785785785
53,ldbkemd,CT,1.0,0.8438438438438439
53,ldbkemd,LDA,0.8484848484848485,0.8438438438438438
27,original,CT,1.0,0.8588588588588589
27,original,LDA,1.0,0.6866866866866866
27,ldbk,CT,1.0,0.8738738738738738
27,ldbk,LDA,0.9393939393939394,0.8558558558558559
27,ldbkash,CT,1.0,0.5875875875875876
27,ldbkash,LDA,0.6868686868686869,0.5275275275275275
27,ldbkemd,CT,1.0,0.8788788788788789
27,ldbkemd,LDA,0.9292929292929294,0.8598598598598599
75,original,CT,1.0,0.8278278278278278
75,original,LDA,1.0,0.6686686686686687
75,ldbk,CT,1.0,0.9029029029029028
75,ldbk,LDA,0.8787878787878788,0.8728728728728729
75,ldbkash,CT,1.0,0.6246246246246246
75,ldbkash,LDA,0.7171717171717171,0.5275275275275275
75,ldbkemd,CT,1.0,0.9209209209209209
75,ldbkemd,LDA,0.8888888888888888,0.8758758758758759
42,original,CT,1.0,0.8068068068068069
42,original,LDA,1.0,0.7727727727727727
42,ldbk,CT,1.0,0.8068068068068067
42,ldbk,LDA,0.8686868686868686,0.7937937937937938
42,ldbkash,CT,1.0,0.7167167167167167
42,ldbkash,LDA,0.7171717171717171,0.5535535535535535
42,ldbkemd,CT,1.0,0.8778778778778779
42,ldbkemd,LDA,0.9393939393939394,0.8808808808808809
33,original,CT,1.0,0.8198198198198199
33,original,LDA,1.0,0.7447447447447448
33,ldbk,CT,1.0,0.8808808808808809
33,ldbk,LDA,0.8989898989898991,0.8808808808808809
33,ldbkash,CT,1.0,0.6916916916916916
33,ldbkash,LDA,0.6363636363636364,0.4244244244244244
33,ldbkemd,CT,1.0,0.9099099099099099
33,ldbkemd,LDA,0.888888888888889,0.8818818818818818
28,original,CT,1.0,0.8458458458458459
28,original,LDA,1.0,0.7027027027027026
28,ldbk,CT,1.0,0.8758758758758759
28,ldbk,LDA,0.9494949494949495,0.898898898898899
28,ldbkash,CT,1.0,0.8798798798798799
28,ldbkash,LDA,0.9494949494949495,0.8808808808808809
28,ldbkemd,CT,1.0,0.9129129129129129
28,ldbkemd,LDA,0.9292929292929294,0.898898898898899
50,original,CT,1.0,0.8078078078078078
50,original,LDA,1.0,0.7267267267267267
50,ldbk,CT,1.0,0.9429429429429429
50,ldbk,LDA,0.9191919191919192,0.8928928928928929
50,ldbkash,CT,1.0,0.6886886886886887
50,ldbkash,LDA,0.6969696969696969,0.5525525525525525
50,ldbkemd,CT,1.0,0.9229229229229229
50,ldbkemd,LDA,0.9292929292929294,0.8888888888888888
52,original,CT,1.0,0.8208208208208209
52,original,LDA,1.0,0.7177177177177176
52,ldbk,CT,1.0,0.9049049049049049
52,ldbk,LDA,0.9292929292929294,0.896896896896897
52,ldbkash,CT,1.0,0.5415415415415415
52,ldbkash,LDA,0.6666666666666666,0.5485485485485486
52,ldbkemd,CT,1.0,0.8918918918918918
52,ldbkemd,LDA,0.9494949494949495,0.911911911911912
63,original,CT,1.0,0.8288288288288288
63,original,LDA,1.0,0.7507507507507508
63,ldbk,CT,1.0,0.918918918918919
63,ldbk,LDA,0.9393939393939394,0.8528528528528528
63,ldbkash,CT,1.0,0.7567567567567567
63,ldbkash,LDA,0.8181818181818182,0.7067067067067067
63,ldbkemd,CT,1.0,0.9019019019019018
63,ldbkemd,LDA,0.9595959595959597,0.8628628628628628
92,original,CT,1.0,0.7907907907907908
92,original,LDA,1.0,0.7057057057057058
92,ldbk,CT,1.0,0.8908908908908909
92,ldbk,LDA,0.9494949494949495,0.8588588588588589
92,ldbkash,CT,1.0,0.5865865865865866
92,ldbkash,LDA,0.7373737373737373,0.5255255255255254
92,ldbkemd,CT,1.0,0.8658658658658659
92,ldbkemd,LDA,0.9494949494949495,0.8548548548548549
88,original,CT,1.0,0.8568568568568568
88,original,LDA,1.0,0.6036036036036035
88,ldbk,CT,1.0,0.8728728728728729
88,ldbk,LDA,0.8686868686868686,0.8358358358358359
88,ldbkash,CT,1.0,0.8388388388388388
88,ldbkash,LDA,0.8989898989898991,0.8408408408408409
88,ldbkemd,CT,1.0,0.8788788788788789
88,ldbkemd,LDA,0.8585858585858586,0.8368368368368367
93,original,CT,1.0,0.8168168168168167
93,original,LDA,1.0,0.6596596596596597
93,ldbk,CT,1.0,0.9219219219219218
93,ldbk,LDA,0.9191919191919192,0.8578578578578578
93,ldbkash,CT,1.0,0.5345345345345345
93,ldbkash,LDA,0.595959595959596,0.4314314314314314
93,ldbkemd,CT,1.0,0.8958958958958959
93,ldbkemd,LDA,0.9090909090909092,0.8578578578578578
26,original,CT,1.0,0.7637637637637638
26,original,LDA,1.0,0.6556556556556556
26,ldbk,CT,1.0,0.9329329329329329
26,ldbk,LDA,0.8888888888888888,0.8728728728728729
26,ldbkash,CT,1.0,0.6676676676676676
26,ldbkash,LDA,0.6969696969696969,0.5775775775775776
26,ldbkemd,CT,1.0,0.900900900900901
26,ldbkemd,LDA,0.9090909090909092,0.8728728728728729
10,original,CT,1.0,0.8148148148148148
10,original,LDA,1.0,0.6876876876876876
10,ldbk,CT,1.0,0.9059059059059059
10,ldbk,LDA,0.9393939393939394,0.8498498498498499
10,ldbkash,CT,1.0,0.5685685685685685
10,ldbkash,LDA,0.6060606060606061,0.41541541541541543
10,ldbkemd,CT,1.0,0.866866866866867
10,ldbkemd,LDA,0.9292929292929294,0.8478478478478477
77,original,CT,1.0,0.7607607607607608
77,original,LDA,1.0,0.6906906906906908
77,ldbk,CT,1.0,0.918918918918919
77,ldbk,LDA,0.8585858585858586,0.7827827827827827
77,ldbkash,CT,1.0,0.6146146146146146
77,ldbkash,LDA,0.7373737373737373,0.5475475475475476
77,ldbkemd,CT,1.0,0.91991991991992
77,ldbkemd,LDA,0.9191919191919192,0.8718718718718718
24,original,CT,1.0,0.8428428428428428
24,original,LDA,1.0,0.5945945945945946
24,ldbk,CT,1.0,0.8678678678678678
24,ldbk,LDA,0.9090909090909092,0.8848848848848849
24,ldbkash,CT,1.0,0.5875875875875876
24,ldbkash,LDA,0.6666666666666666,0.4344344344344344
24,ldbkemd,CT,1.0,0.913913913913914
24,ldbkemd,LDA,0.888888888888889,0.8748748748748749
87,original,CT,1.0,0.8078078078078078
87,original,LDA,1.0,0.7147147147147148
87,ldbk,CT,1.0,0.8428428428428428
87,ldbk,LDA,0.9292929292929294,0.8878878878878879
87,ldbkash,CT,1.0,0.8098098098098099
87,ldbkash,LDA,0.7575757575757575,0.6066066066066066
87,ldbkemd,CT,1.0,0.8348348348348349
87,ldbkemd,LDA,0.9292929292929294,0.8878878878878879
58,original,CT,1.0,0.8178178178178177
58,original,LDA,1.0,0.6736736736736737
58,ldbk,CT,1.0,0.943943943943944
58,ldbk,LDA,0.8484848484848485,0.8728728728728729
58,ldbkash,CT,1.0,0.6706706706706708
58,ldbkash,LDA,0.8282828282828284,0.6826826826826826
58,ldbkemd,CT,1.0,0.9219219219219218
58,ldbkemd,LDA,0.9090909090909092,0.8928928928928929
25,original,CT,1.0,0.8128128128128127
25,original,LDA,1.0,0.6326326326326326
25,ldbk,CT,1.0,0.8968968968968968
25,ldbk,LDA,0.8383838383838383,0.8568568568568568
25,ldbkash,CT,1.0,0.6786786786786787
25,ldbkash,LDA,0.7070707070707071,0.5525525525525525
25,ldbkemd,CT,1.0,0.8978978978978979
25,ldbkemd,LDA,0.8282828282828283,0.8608608608608609
23,original,CT,1.0,0.8108108108108109
23,original,LDA,1.0,0.7027027027027026
23,ldbk,CT,1.0,0.8638638638638638
23,ldbk,LDA,0.9191919191919192,0.8508508508508509
23,ldbkash,CT,1.0,0.5505505505505505
23,ldbkash,LDA,0.7272727272727272,0.6306306306306306
23,ldbkemd,CT,1.0,0.8838838838838838
23,ldbkemd,LDA,0.9191919191919192,0.8678678678678678
49,original,CT,1.0,0.8338338338338338
49,original,LDA,1.0,0.7177177177177178
49,ldbk,CT,1.0,0.8928928928928929
49,ldbk,LDA,0.9696969696969697,0.8708708708708709
49,ldbkash,CT,1.0,0.7507507507507508
49,ldbkash,LDA,0.7878787878787877,0.7157157157157158
49,ldbkemd,CT,1.0,0.8928928928928929
49,ldbkemd,LDA,0.9797979797979798,0.8878878878878879
59,original,CT,1.0,0.7817817817817817
59,original,LDA,1.0,0.6976976976976977
59,ldbk,CT,1.0,0.8778778778778777
59,ldbk,LDA,0.888888888888889,0.8628628628628628
59,ldbkash,CT,1.0,0.5425425425425426
59,ldbkash,LDA,0.6767676767676768,0.44744744744744747
59,ldbkemd,CT,1.0,0.8728728728728729
59,ldbkemd,LDA,0.888888888888889,0.8628628628628628
5,original,CT,1.0,0.8398398398398399
5,original,LDA,1.0,0.6776776776776776
5,ldbk,CT,1.0,0.893893893893894
5,ldbk,LDA,0.888888888888889,0.8568568568568568
5,ldbkash,CT,1.0,0.7117117117117117
5,ldbkash,LDA,0.6666666666666666,0.5205205205205206
5,ldbkemd,CT,1.0,0.8948948948948949
5,ldbkemd,LDA,0.8989898989898991,0.8498498498498498
31,original,CT,1.0,0.8388388388388388
31,original,LDA,1.0,0.6486486486486486
31,ldbk,CT,1.0,0.8928928928928929
31,ldbk,LDA,0.888888888888889,0.8638638638638638
31,ldbkash,CT,1.0,0.7507507507507508
31,ldbkash,LDA,0.7171717171717171,0.5215215215215215
31,ldbkemd,CT,1.0,0.9209209209209209
31,ldbkemd,LDA,0.8989898989898991,0.8428428428428428
89,original,CT,1.0,0.8508508508508509
89,original,LDA,1.0,0.7987987987987989
89,ldbk,CT,1.0,0.9209209209209209
89,ldbk,LDA,0.9595959595959597,0.9019019019019018
89,ldbkash,CT,1.0,0.6506506506506506
89,ldbkash,LDA,0.7474747474747474,0.5535535535535535
89,ldbkemd,CT,1.0,0.9309309309309309
89,ldbkemd,LDA,0.9595959595959597,0.8968968968968968
62,original,CT,1.0,0.8508508508508509
62,original,LDA,1.0,0.7077077077077077
62,ldbk,CT,1.0,0.956956956956957
62,ldbk,LDA,0.9191919191919192,0.8928928928928929
62,ldbkash,CT,1.0,0.5565565565565566
62,ldbkash,LDA,0.6666666666666666,0.4734734734734735
62,ldbkemd,CT,1.0,0.923923923923924
62,ldbkemd,LDA,0.9292929292929294,0.8978978978978979
43,original,CT,1.0,0.8328328328328328
43,original,LDA,1.0,0.6886886886886887
43,ldbk,CT,1.0,0.8818818818818818
43,ldbk,LDA,0.8989898989898991,0.8918918918918918
43,ldbkash,CT,1.0,0.5355355355355356
43,ldbkash,LDA,0.7575757575757575,0.5285285285285285
43,ldbkemd,CT,1.0,0.906906906906907
43,ldbkemd,LDA,0.888888888888889,0.8868868868868868
90,original,CT,1.0,0.8398398398398399
90,original,LDA,1.0,0.6506506506506508
90,ldbk,CT,1.0,0.8688688688688688
90,ldbk,LDA,0.888888888888889,0.8608608608608609
90,ldbkash,CT,1.0,0.8528528528528528
90,ldbkash,LDA,0.8787878787878788,0.8668668668668668
90,ldbkemd,CT,1.0,0.866866866866867
90,ldbkemd,LDA,0.9191919191919192,0.8428428428428428
39,original,CT,1.0,0.8328328328328328
39,original,LDA,1.0,0.6886886886886887
39,ldbk,CT,1.0,0.8828828828828829
39,ldbk,LDA,0.888888888888889,0.8508508508508509
39,ldbkash,CT,1.0,0.6246246246246246
39,ldbkash,LDA,0.7474747474747474,0.5675675675675675
39,ldbkemd,CT,1.0,0.9009009009009009
39,ldbkemd,LDA,0.9090909090909092,0.8408408408408409
34,original,CT,1.0,0.841841841841842
34,original,LDA,1.0,0.7327327327327328
34,ldbk,CT,1.0,0.9179179179179179
34,ldbk,LDA,0.8989898989898991,0.8868868868868868
34,ldbkash,CT,1.0,0.6146146146146146
34,ldbkash,LDA,0.6363636363636364,0.5015015015015015
34,ldbkemd,CT,1.0,0.91991991991992
34,ldbkemd,LDA,0.9191919191919192,0.8818818818818818
44,original,CT,1.0,0.8488488488488488
44,original,LDA,1.0,0.7117117117117117
44,ldbk,CT,1.0,0.8368368368368367
44,ldbk,LDA,0.9494949494949495,0.8628628628628628
44,ldbkash,CT,1.0,0.6026026026026026
44,ldbkash,LDA,0.7474747474747474,0.4994994994994995
44,ldbkemd,CT,1.0,0.8608608608608609
44,ldbkemd,LDA,0.9393939393939394,0.8598598598598599
94,original,CT,1.0,0.8748748748748749
94,original,LDA,1.0,0.7397397397397398
94,ldbk,CT,1.0,0.8598598598598598
94,ldbk,LDA,0.8989898989898991,0.8678678678678678
94,ldbkash,CT,1.0,0.5745745745745746
94,ldbkash,LDA,0.6363636363636364,0.5725725725725725
94,ldbkemd,CT,1.0,0.9429429429429429
94,ldbkemd,LDA,0.8787878787878789,0.8748748748748748
55,original,CT,1.0,0.8178178178178177
55,original,LDA,1.0,0.6556556556556556
55,ldbk,CT,1.0,0.8818818818818818
55,ldbk,LDA,0.9393939393939394,0.8868868868868868
55,ldbkash,CT,1.0,0.7327327327327327
55,ldbkash,LDA,0.8080808080808081,0.5905905905905906
55,ldbkemd,CT,1.0,0.8758758758758759
55,ldbkemd,LDA,0.9292929292929294,0.8888888888888888
86,original,CT,1.0,0.8438438438438439
86,original,LDA,1.0,0.6486486486486486
86,ldbk,CT,1.0,0.8498498498498499
86,ldbk,LDA,0.8989898989898991,0.9059059059059059
86,ldbkash,CT,1.0,0.6786786786786787
86,ldbkash,LDA,0.7575757575757575,0.7017017017017017
86,ldbkemd,CT,1.0,0.9159159159159159
86,ldbkemd,LDA,0.9292929292929294,0.9039039039039038
17,original,CT,1.0,0.8178178178178178
17,original,LDA,1.0,0.7347347347347347
17,ldbk,CT,1.0,0.9159159159159159
17,ldbk,LDA,0.9292929292929294,0.888888888888889
17,ldbkash,CT,1.0,0.8958958958958959
17,ldbkash,LDA,0.9696969696969697,0.9059059059059059
17,ldbkemd,CT,1.0,0.8458458458458459
17,ldbkemd,LDA,0.9292929292929294,0.8868868868868868
99,original,CT,1.0,0.8268268268268267
99,original,LDA,1.0,0.7747747747747749
99,ldbk,CT,1.0,0.9119119119119118
99,ldbk,LDA,0.9191919191919192,0.886886886886887
99,ldbkash,CT,1.0,0.6566566566566566
99,ldbkash,LDA,0.7777777777777778,0.6606606606606606
99,ldbkemd,CT,1.0,0.9179179179179179
99,ldbkemd,LDA,0.9595959595959597,0.893893893893894
71,original,CT,1.0,0.8318318318318317
71,original,LDA,1.0,0.7217217217217217
71,ldbk,CT,1.0,0.9099099099099099
71,ldbk,LDA,0.9191919191919192,0.8678678678678678
71,ldbkash,CT,1.0,0.6486486486486487
71,ldbkash,LDA,0.6868686868686869,0.5165165165165165
71,ldbkemd,CT,1.0,0.8888888888888888
71,ldbkemd,LDA,0.9292929292929294,0.8578578578578578
37,original,CT,1.0,0.8248248248248249
37,original,LDA,1.0,0.6856856856856858
37,ldbk,CT,1.0,0.871871871871872
37,ldbk,LDA,0.888888888888889,0.8658658658658659
37,ldbkash,CT,1.0,0.7177177177177178
37,ldbkash,LDA,0.7272727272727272,0.5245245245245245
37,ldbkemd,CT,1.0,0.8738738738738738
37,ldbkemd,LDA,0.8989898989898991,0.8678678678678678
47,original,CT,1.0,0.8088088088088088
47,original,LDA,1.0,0.7127127127127126
47,ldbk,CT,1.0,0.8888888888888888
47,ldbk,LDA,0.9191919191919192,0.9089089089089089
47,ldbkash,CT,1.0,0.7247247247247247
47,ldbkash,LDA,0.7676767676767677,0.6456456456456455
47,ldbkemd,CT,1.0,0.8978978978978979
47,ldbkemd,LDA,0.9090909090909092,0.9079079079079079
9,original,CT,1.0,0.8578578578578578
9,original,LDA,1.0,0.6466466466466466
9,ldbk,CT,1.0,0.9209209209209209
9,ldbk,LDA,0.8989898989898991,0.881881881881882
9,ldbkash,CT,1.0,0.8188188188188188
9,ldbkash,LDA,0.8585858585858587,0.7967967967967967
9,ldbkemd,CT,1.0,0.9389389389389389
9,ldbkemd,LDA,0.9393939393939394,0.8828828828828829
73,original,CT,1.0,0.8238238238238238
73,original,LDA,1.0,0.6656656656656655
73,ldbk,CT,1.0,0.9139139139139139
73,ldbk,LDA,0.888888888888889,0.8738738738738738
73,ldbkash,CT,1.0,0.8648648648648649
73,ldbkash,LDA,0.8686868686868686,0.8198198198198199
73,ldbkemd,CT,1.0,0.91991991991992
73,ldbkemd,LDA,0.888888888888889,0.8738738738738738
82,original,CT,1.0,0.8208208208208209
82,original,LDA,1.0,0.6466466466466466
82,ldbk,CT,1.0,0.9039039039039038
82,ldbk,LDA,0.9191919191919192,0.8708708708708709
82,ldbkash,CT,1.0,0.8408408408408409
82,ldbkash,LDA,0.9292929292929294,0.8408408408408409
82,ldbkemd,CT,1.0,0.908908908908909
82,ldbkemd,LDA,0.9191919191919192,0.8748748748748749
12,original,CT,1.0,0.8578578578578577
12,original,LDA,1.0,0.7167167167167167
12,ldbk,CT,1.0,0.8648648648648649
12,ldbk,LDA,0.8888888888888888,0.8568568568568568
12,ldbkash,CT,1.0,0.7037037037037037
12,ldbkash,LDA,0.7171717171717171,0.5725725725725727
12,ldbkemd,CT,1.0,0.8958958958958959
12,ldbkemd,LDA,0.8888888888888888,0.8698698698698699
79,original,CT,1.0,0.8178178178178178
79,original,LDA,1.0,0.6836836836836837
79,ldbk,CT,1.0,0.93993993993994
79,ldbk,LDA,0.9393939393939394,0.8738738738738739
79,ldbkash,CT,1.0,0.7737737737737739
79,ldbkash,LDA,0.8282828282828283,0.6776776776776776
79,ldbkemd,CT,1.0,0.876876876876877
79,ldbkemd,LDA,0.9393939393939394,0.8748748748748749
20,original,CT,1.0,0.8098098098098099
20,original,LDA,1.0,0.5825825825825826
20,ldbk,CT,1.0,0.8758758758758759
20,ldbk,LDA,0.8787878787878788,0.8998998998998999
20,ldbkash,CT,1.0,0.6306306306306306
20,ldbkash,LDA,0.6666666666666666,0.5755755755755756
20,ldbkemd,CT,1.0,0.8858858858858859
20,ldbkemd,LDA,0.888888888888889,0.891891891891892
6,original,CT,1.0,0.8548548548548549
6,original,LDA,1.0,0.6246246246246246
6,ldbk,CT,1.0,0.8748748748748749
6,ldbk,LDA,0.9090909090909092,0.8548548548548549
6,ldbkash,CT,1.0,0.8478478478478478
6,ldbkash,LDA,0.888888888888889,0.8328328328328328
6,ldbkemd,CT,1.0,0.903903903903904
6,ldbkemd,LDA,0.8989898989898991,0.8548548548548549
84,original,CT,1.0,0.8478478478478477
84,original,LDA,1.0,0.6656656656656655
84,ldbk,CT,1.0,0.911911911911912
84,ldbk,LDA,0.9292929292929294,0.8768768768768768
84,ldbkash,CT,1.0,0.6606606606606606
84,ldbkash,LDA,0.7878787878787877,0.5655655655655656
84,ldbkemd,CT,1.0,0.9069069069069068
84,ldbkemd,LDA,0.9292929292929294,0.8768768768768768
80,original,CT,1.0,0.8028028028028028
80,original,LDA,1.0,0.6926926926926926
80,ldbk,CT,1.0,0.9069069069069068
80,ldbk,LDA,0.9393939393939394,0.8698698698698699
80,ldbkash,CT,1.0,0.7297297297297297
80,ldbkash,LDA,0.7070707070707071,0.5955955955955956
80,ldbkemd,CT,1.0,0.938938938938939
80,ldbkemd,LDA,0.9393939393939394,0.8708708708708709
98,original,CT,1.0,0.8318318318318317
98,original,LDA,1.0,0.7487487487487487
98,ldbk,CT,1.0,0.8678678678678677
98,ldbk,LDA,0.9292929292929294,0.896896896896897
98,ldbkash,CT,1.0,0.7667667667667667
98,ldbkash,LDA,0.7474747474747474,0.4974974974974975
98,ldbkemd,CT,1.0,0.936936936936937
98,ldbkemd,LDA,0.9090909090909092,0.8958958958958959
70,original,CT,1.0,0.8358358358358359
70,original,LDA,1.0,0.5965965965965966
70,ldbk,CT,1.0,0.8838838838838838
70,ldbk,LDA,0.9090909090909092,0.8998998998998999
70,ldbkash,CT,1.0,0.6776776776776777
70,ldbkash,LDA,0.7575757575757575,0.5815815815815816
70,ldbkemd,CT,1.0,0.918918918918919
70,ldbkemd,LDA,0.9393939393939394,0.8938938938938938
14,original,CT,1.0,0.8428428428428428
14,original,LDA,1.0,0.6546546546546547
14,ldbk,CT,1.0,0.8758758758758759
14,ldbk,LDA,0.8989898989898991,0.8288288288288288
14,ldbkash,CT,1.0,0.7417417417417417
14,ldbkash,LDA,0.7474747474747474,0.6106106106106105
14,ldbkemd,CT,1.0,0.8788788788788788
14,ldbkemd,LDA,0.9292929292929294,0.8738738738738738
7,original,CT,1.0,0.8198198198198199
7,original,LDA,1.0,0.6676676676676676
7,ldbk,CT,1.0,0.893893893893894
7,ldbk,LDA,0.9191919191919192,0.8688688688688689
7,ldbkash,CT,1.0,0.5825825825825827
7,ldbkash,LDA,0.6868686868686869,0.4904904904904905
7,ldbkemd,CT,1.0,0.8908908908908909
7,ldbkemd,LDA,0.888888888888889,0.8648648648648649
96,original,CT,1.0,0.8298298298298299
96,original,LDA,1.0,0.6826826826826826
96,ldbk,CT,1.0,0.866866866866867
96,ldbk,LDA,0.9595959595959597,0.8848848848848849
96,ldbkash,CT,1.0,0.8538538538538539
96,ldbkash,LDA,0.9090909090909092,0.7907907907907908
96,ldbkemd,CT,1.0,0.8798798798798799
96,ldbkemd,LDA,0.9595959595959597,0.8788788788788789
57,original,CT,1.0,0.8408408408408409
57,original,LDA,1.0,0.6896896896896897
57,ldbk,CT,1.0,0.9079079079079079
57,ldbk,LDA,0.9393939393939394,0.8798798798798798
57,ldbkash,CT,1.0,0.8348348348348349
57,ldbkash,LDA,0.8484848484848486,0.7437437437437437
57,ldbkemd,CT,1.0,0.9119119119119118
57,ldbkemd,LDA,0.9191919191919192,0.8678678678678678
8,original,CT,1.0,0.8418418418418417
8,original,LDA,1.0,0.6426426426426427
8,ldbk,CT,1.0,0.8258258258258259
8,ldbk,LDA,0.8585858585858586,0.8238238238238239
8,ldbkash,CT,1.0,0.5185185185185185
8,ldbkash,LDA,0.6868686868686869,0.5015015015015015
8,ldbkemd,CT,1.0,0.908908908908909
8,ldbkemd,LDA,0.8989898989898991,0.8748748748748749
64,original,CT,1.0,0.8248248248248248
64,original,LDA,1.0,0.6216216216216216
64,ldbk,CT,1.0,0.8888888888888888
64,ldbk,LDA,0.8888888888888888,0.8928928928928929
64,ldbkash,CT,1.0,0.6446446446446447
64,ldbkash,LDA,0.7171717171717171,0.5295295295295295
64,ldbkemd,CT,1.0,0.9279279279279279
64,ldbkemd,LDA,0.9191919191919192,0.8828828828828829
19,original,CT,1.0,0.8188188188188188
19,original,LDA,1.0,0.7287287287287287
19,ldbk,CT,1.0,0.8648648648648649
19,ldbk,LDA,0.9292929292929294,0.8768768768768768
19,ldbkash,CT,1.0,0.5435435435435435
19,ldbkash,LDA,0.7575757575757577,0.5255255255255256
19,ldbkemd,CT,1.0,0.8858858858858859
19,ldbkemd,LDA,0.9191919191919192,0.8328328328328328
91,original,CT,1.0,0.7877877877877878
91,original,LDA,1.0,0.6916916916916916
91,ldbk,CT,1.0,0.8798798798798799
91,ldbk,LDA,0.9090909090909092,0.8448448448448449
91,ldbkash,CT,1.0,0.8508508508508509
91,ldbkash,LDA,0.9292929292929294,0.7967967967967967
91,ldbkemd,CT,1.0,0.8628628628628628
91,ldbkemd,LDA,0.888888888888889,0.8588588588588588
69,original,CT,1.0,0.8118118118118117
69,original,LDA,1.0,0.6536536536536537
69,ldbk,CT,1.0,0.8998998998998999
69,ldbk,LDA,0.8989898989898991,0.8638638638638639
69,ldbkash,CT,1.0,0.6666666666666666
69,ldbkash,LDA,0.7272727272727272,0.5455455455455456
69,ldbkemd,CT,1.0,0.9229229229229229
69,ldbkemd,LDA,0.8787878787878789,0.8618618618618618
60,original,CT,1.0,0.8338338338338338
60,original,LDA,1.0,0.6406406406406406
60,ldbk,CT,1.0,0.8458458458458459
60,ldbk,LDA,0.8181818181818182,0.8878878878878879
60,ldbkash,CT,1.0,0.6006006006006005
60,ldbkash,LDA,0.7171717171717171,0.5215215215215215
60,ldbkemd,CT,1.0,0.8478478478478478
60,ldbkemd,LDA,0.8181818181818182,0.8878878878878879
97,original,CT,1.0,0.7827827827827828
97,original,LDA,1.0,0.6696696696696698
97,ldbk,CT,1.0,0.8798798798798799
97,ldbk,LDA,0.8888888888888888,0.8528528528528528
97,ldbkash,CT,1.0,0.7997997997997999
97,ldbkash,LDA,0.7171717171717171,0.6306306306306306
97,ldbkemd,CT,1.0,0.8608608608608609
97,ldbkemd,LDA,0.8989898989898991,0.8788788788788788
4,original,CT,1.0,0.8028028028028028
4,original,LDA,1.0,0.6836836836836837
4,ldbk,CT,1.0,0.9019019019019018
4,ldbk,LDA,0.888888888888889,0.8328328328328328
4,ldbkash,CT,1.0,0.7017017017017017
4,ldbkash,LDA,0.808080808080808,0.5395395395395396
4,ldbkemd,CT,1.0,0.9119119119119118
4,ldbkemd,LDA,0.8989898989898991,0.8428428428428427
22,original,CT,1.0,0.8078078078078078
22,original,LDA,1.0,0.6666666666666666
22,ldbk,CT,1.0,0.8728728728728729
22,ldbk,LDA,0.9090909090909092,0.8948948948948949
22,ldbkash,CT,1.0,0.8798798798798799
22,ldbkash,LDA,0.9393939393939394,0.8638638638638638
22,ldbkemd,CT,1.0,0.8548548548548549
22,ldbkemd,LDA,0.9191919191919192,0.8888888888888888
11,original,CT,1.0,0.8658658658658659
11,original,LDA,1.0,0.7097097097097097
11,ldbk,CT,1.0,0.924924924924925
11,ldbk,LDA,0.9292929292929294,0.8898898898898899
11,ldbkash,CT,1.0,0.5295295295295296
11,ldbkash,LDA,0.6262626262626263,0.3653653653653654
11,ldbkemd,CT,1.0,0.8878878878878878
11,ldbkemd,LDA,0.9191919191919192,0.8858858858858859
35,original,CT,1.0,0.8568568568568568
35,original,LDA,1.0,0.7497497497497498
35,ldbk,CT,1.0,0.8878878878878879
35,ldbk,LDA,0.8888888888888888,0.8698698698698699
35,ldbkash,CT,1.0,0.5995995995995996
35,ldbkash,LDA,0.6363636363636364,0.3723723723723724
35,ldbkemd,CT,1.0,0.934934934934935
35,ldbkemd,LDA,0.9090909090909092,0.8678678678678678
13,original,CT,1.0,0.8648648648648649
13,original,LDA,1.0,0.7337337337337337
13,ldbk,CT,1.0,0.9189189189189189
13,ldbk,LDA,0.8989898989898991,0.8728728728728729
13,ldbkash,CT,1.0,0.5545545545545546
13,ldbkash,LDA,0.7474747474747474,0.5665665665665666
13,ldbkemd,CT,1.0,0.8738738738738739
13,ldbkemd,LDA,0.888888888888889,0.8738738738738739
15,original,CT,1.0,0.8268268268268267
15,original,LDA,1.0,0.6726726726726726
15,ldbk,CT,1.0,0.9089089089089089
15,ldbk,LDA,0.9292929292929294,0.8778778778778779
15,ldbkash,CT,1.0,0.7127127127127126
15,ldbkash,LDA,0.8383838383838383,0.7447447447447447
15,ldbkemd,CT,1.0,0.926926926926927
15,ldbkemd,LDA,0.9292929292929294,0.8768768768768768
61,original,CT,1.0,0.856856856856857
61,original,LDA,1.0,0.6406406406406406
61,ldbk,CT,1.0,0.8788788788788788
61,ldbk,LDA,0.8787878787878789,0.8778778778778777
61,ldbkash,CT,1.0,0.6616616616616616
61,ldbkash,LDA,0.6767676767676768,0.5135135135135135
61,ldbkemd,CT,1.0,0.8758758758758759
61,ldbkemd,LDA,0.8787878787878789,0.8818818818818818
67,original,CT,1.0,0.8208208208208209
67,original,LDA,1.0,0.7377377377377378
67,ldbk,CT,1.0,0.8948948948948949
67,ldbk,LDA,0.9090909090909092,0.8678678678678678
67,ldbkash,CT,1.0,0.5595595595595596
67,ldbkash,LDA,0.7676767676767676,0.5055055055055054
67,ldbkemd,CT,1.0,0.8768768768768768
67,ldbkemd,LDA,0.9191919191919192,0.8718718718718718
16,original,CT,1.0,0.8908908908908909
16,original,LDA,1.0,0.6456456456456455
16,ldbk,CT,1.0,0.9129129129129129
16,ldbk,LDA,0.9090909090909092,0.8708708708708709
16,ldbkash,CT,1.0,0.6116116116116116
16,ldbkash,LDA,0.6363636363636364,0.46146146146146144
16,ldbkemd,CT,1.0,0.8828828828828829
16,ldbkemd,LDA,0.8989898989898991,0.8738738738738739
100,original,CT,1.0,0.8458458458458459
100,original,LDA,1.0,0.7237237237237237
100,ldbk,CT,1.0,0.8928928928928929
100,ldbk,LDA,0.9393939393939394,0.913913913913914
100,ldbkash,CT,1.0,0.8638638638638638
100,ldbkash,LDA,0.888888888888889,0.7027027027027026
100,ldbkemd,CT,1.0,0.8748748748748749
100,ldbkemd,LDA,0.9595959595959597,0.9089089089089089
40,original,CT,1.0,0.8308308308308309
40,original,LDA,1.0,0.7197197197197197
40,ldbk,CT,1.0,0.9009009009009009
40,ldbk,LDA,0.8787878787878789,0.8878878878878879
40,ldbkash,CT,1.0,0.7297297297297297
40,ldbkash,LDA,0.7575757575757577,0.5955955955955956
40,ldbkemd,CT,1.0,0.8758758758758759
40,ldbkemd,LDA,0.8787878787878789,0.8828828828828829
21,original,CT,1.0,0.8218218218218217
21,original,LDA,1.0,0.6826826826826826
21,ldbk,CT,1.0,0.891891891891892
21,ldbk,LDA,0.9090909090909092,0.8628628628628628
21,ldbkash,CT,1.0,0.8688688688688688
21,ldbkash,LDA,0.8787878787878789,0.883883883883884
21,ldbkemd,CT,1.0,0.8828828828828829
21,ldbkemd,LDA,0.8787878787878788,0.8828828828828829
38,original,CT,1.0,0.8298298298298299
38,original,LDA,1.0,0.6586586586586587
38,ldbk,CT,1.0,0.914914914914915
38,ldbk,LDA,0.8686868686868688,0.8678678678678678
38,ldbkash,CT,1.0,0.8858858858858859
38,ldbkash,LDA,0.8787878787878789,0.8738738738738738
38,ldbkemd,CT,1.0,0.9219219219219218
38,ldbkemd,LDA,0.8686868686868688,0.8678678678678678
46,original,CT,1.0,0.8208208208208209
46,original,LDA,1.0,0.6476476476476477
46,ldbk,CT,1.0,0.8848848848848849
46,ldbk,LDA,0.8888888888888888,0.8898898898898899
46,ldbkash,CT,1.0,0.6516516516516516
46,ldbkash,LDA,0.7070707070707071,0.5615615615615616
46,ldbkemd,CT,1.0,0.8718718718718718
46,ldbkemd,LDA,0.8686868686868686,0.8908908908908909
72,original,CT,1.0,0.7887887887887889
72,original,LDA,1.0,0.6476476476476477
72,ldbk,CT,1.0,0.8618618618618618
72,ldbk,LDA,0.9090909090909092,0.8538538538538538
72,ldbkash,CT,1.0,0.6196196196196196
72,ldbkash,LDA,0.7171717171717171,0.5075075075075075
72,ldbkemd,CT,1.0,0.9259259259259259
72,ldbkemd,LDA,0.8989898989898989,0.8458458458458459
83,original,CT,1.0,0.8418418418418417
83,original,LDA,1.0,0.5935935935935936
83,ldbk,CT,1.0,0.8608608608608609
83,ldbk,LDA,0.9090909090909092,0.871871871871872
83,ldbkash,CT,1.0,0.6466466466466466
83,ldbkash,LDA,0.7474747474747474,0.5465465465465466
83,ldbkemd,CT,1.0,0.8878878878878878
83,ldbkemd,LDA,0.888888888888889,0.861861861861862
45,original,CT,1.0,0.8508508508508509
45,original,LDA,1.0,0.7447447447447448
45,ldbk,CT,1.0,0.8538538538538538
45,ldbk,LDA,0.888888888888889,0.8878878878878879
45,ldbkash,CT,1.0,0.5735735735735735
45,ldbkash,LDA,0.6666666666666666,0.4724724724724724
45,ldbkemd,CT,1.0,0.8758758758758759
45,ldbkemd,LDA,0.8787878787878788,0.8868868868868868
68,original,CT,1.0,0.8018018018018017
68,original,LDA,1.0,0.6796796796796797
68,ldbk,CT,1.0,0.898898898898899
68,ldbk,LDA,0.8989898989898991,0.903903903903904
68,ldbkash,CT,1.0,0.6816816816816816
68,ldbkash,LDA,0.7474747474747474,0.5775775775775776
68,ldbkemd,CT,1.0,0.9129129129129129
68,ldbkemd,LDA,0.888888888888889,0.908908908908909
56,original,CT,1.0,0.8508508508508509
56,original,LDA,1.0,0.7917917917917917
56,ldbk,CT,1.0,0.8898898898898899
56,ldbk,LDA,0.9393939393939394,0.8808808808808809
56,ldbkash,CT,1.0,0.6146146146146146
56,ldbkash,LDA,0.6363636363636364,0.4214214214214214
56,ldbkemd,CT,1.0,0.8948948948948949
56,ldbkemd,LDA,0.9393939393939394,0.8808808808808809
36,original,CT,1.0,0.8528528528528528
36,original,LDA,1.0,0.7717717717717717
36,ldbk,CT,1.0,0.8998998998998999
36,ldbk,LDA,0.9292929292929294,0.8928928928928929
36,ldbkash,CT,1.0,0.7977977977977977
36,ldbkash,LDA,0.7575757575757577,0.5725725725725725
36,ldbkemd,CT,1.0,0.908908908908909
36,ldbkemd,LDA,0.9292929292929294,0.8928928928928929
66,original,CT,1.0,0.8438438438438438
66,original,LDA,1.0,0.7297297297297298
66,ldbk,CT,1.0,0.923923923923924
66,ldbk,LDA,0.9090909090909092,0.8708708708708709
66,ldbkash,CT,1.0,0.8808808808808809
66,ldbkash,LDA,0.8989898989898991,0.8678678678678677
66,ldbkemd,CT,1.0,0.9249249249249248
66,ldbkemd,LDA,0.8989898989898991,0.8628628628628628
76,original,CT,1.0,0.8468468468468467
76,original,LDA,1.0,0.6996996996996998
76,ldbk,CT,1.0,0.8928928928928929
76,ldbk,LDA,0.9494949494949495,0.8768768768768768
76,ldbkash,CT,1.0,0.46146146146146144
76,ldbkash,LDA,0.6868686868686869,0.4724724724724725
76,ldbkemd,CT,1.0,0.9539539539539539
76,ldbkemd,LDA,0.9494949494949495,0.8768768768768768
95,original,CT,1.0,0.7787787787787788
95,original,LDA,1.0,0.6576576576576576
95,ldbk,CT,1.0,0.8518518518518517
95,ldbk,LDA,0.8585858585858587,0.8408408408408409
95,ldbkash,CT,1.0,0.6256256256256256
95,ldbkash,LDA,0.7373737373737375,0.6946946946946947
95,ldbkemd,CT,1.0,0.8368368368368367
95,ldbkemd,LDA,0.8484848484848485,0.8428428428428428
85,original,CT,1.0,0.8418418418418417
85,original,LDA,1.0,0.7107107107107108
85,ldbk,CT,1.0,0.8948948948948949
85,ldbk,LDA,0.8787878787878789,0.8698698698698699
85,ldbkash,CT,1.0,0.7527527527527528
85,ldbkash,LDA,0.7676767676767676,0.6356356356356356
85,ldbkemd,CT,1.0,0.9329329329329329
85,ldbkemd,LDA,0.9090909090909092,0.8838838838838838
48,original,CT,1.0,0.8378378378378378
48,original,LDA,1.0,0.6116116116116116
48,ldbk,CT,1.0,0.914914914914915
48,ldbk,LDA,0.9090909090909092,0.8858858858858859
48,ldbkash,CT,1.0,0.6766766766766766
48,ldbkash,LDA,0.7676767676767677,0.5645645645645646
48,ldbkemd,CT,1.0,0.903903903903904
48,ldbkemd,LDA,0.9090909090909092,0.8848848848848849
18,original,CT,1.0,0.831831831831832
18,original,LDA,1.0,0.6326326326326326
18,ldbk,CT,1.0,0.8338338338338338
18,ldbk,LDA,0.888888888888889,0.886886886886887
18,ldbkash,CT,1.0,0.6746746746746747
18,ldbkash,LDA,0.7474747474747475,0.6186186186186187
18,ldbkemd,CT,1.0,0.8428428428428428
18,ldbkemd,LDA,0.8989898989898989,0.8898898898898899
30,original,CT,1.0,0.8408408408408409
30,original,LDA,1.0,0.7207207207207208
30,ldbk,CT,1.0,0.8958958958958959
30,ldbk,LDA,0.9393939393939394,0.8828828828828829
30,ldbkash,CT,1.0,0.6446446446446447
30,ldbkash,LDA,0.7878787878787877,0.5555555555555555
30,ldbkemd,CT,1.0,0.9289289289289289
30,ldbkemd,LDA,0.9292929292929294,0.8858858858858859
3,original,CT,1.0,0.8608608608608609
3,original,LDA,1.0,0.6766766766766766
3,ldbk,CT,1.0,0.8958958958958959
3,ldbk,LDA,0.9292929292929294,0.888888888888889
3,ldbkash,CT,1.0,0.5535535535535536
3,ldbkash,LDA,0.595959595959596,0.5005005005005004
3,ldbkemd,CT,1.0,0.91991991991992
3,ldbkemd,LDA,0.9292929292929294,0.8948948948948949
