Experiment,Method,Classifier,"Train_MulticlassPrecision{MLJBase.MacroAvg, OrderedCollections.LittleDict}","Test_MulticlassPrecision{MLJBase.MacroAvg, OrderedCollections.LittleDict}"
32,original,CT,1.0,0.8452983373185786
32,original,LDA,1.0,0.6632106828238542
32,ldbk,CT,1.0,0.9123569368763387
32,ldbk,LDA,0.9111111111111111,0.876364433095062
32,ldbkash,CT,1.0,0.6748951781970649
32,ldbkash,LDA,0.8316239316239317,0.6171717648078423
32,ldbkemd,CT,1.0,0.9082865528020346
32,ldbkemd,LDA,0.9121863799283154,0.8746919608177867
29,original,CT,1.0,0.8732982573467509
29,original,LDA,1.0,0.6724573064386883
29,ldbk,CT,1.0,0.8675943966549062
29,ldbk,LDA,0.9105763517528224,0.8815652763005942
29,ldbkash,CT,1.0,0.5160875941935299
29,ldbkash,LDA,0.6405280181834077,0.44622353526452574
29,ldbkemd,CT,1.0,0.891984702084564
29,ldbkemd,LDA,0.9011904761904762,0.8939857536020722
1,original,CT,1.0,0.8193238777268145
1,original,LDA,1.0,0.7205732141216012
1,ldbk,CT,1.0,0.858183319138504
1,ldbk,LDA,0.9522102747909199,0.8376522501318059
1,ldbkash,CT,1.0,0.5980695382956454
1,ldbkash,LDA,0.7998316498316499,0.559625846039123
1,ldbkemd,CT,1.0,0.9308837091684764
1,ldbkemd,LDA,0.9525462962962963,0.8652245409909222
54,original,CT,1.0,0.7843749979337081
54,original,LDA,1.0,0.6793488461494974
54,ldbk,CT,1.0,0.8385853978216716
54,ldbk,LDA,0.899212715389186,0.8808788770543214
54,ldbkash,CT,1.0,0.6661523998872279
54,ldbkash,LDA,0.7519138185804852,0.5864005366288343
54,ldbkemd,CT,1.0,0.9120993990571594
54,ldbkemd,LDA,0.9090909090909091,0.8805171341054848
78,original,CT,1.0,0.8541342428461414
78,original,LDA,1.0,0.6421601139120741
78,ldbk,CT,1.0,0.8813371259549604
78,ldbk,LDA,0.8923611111111112,0.9105874093295477
78,ldbkash,CT,1.0,0.8435033291061014
78,ldbkash,LDA,0.9107142857142857,0.9260883189317203
78,ldbkemd,CT,1.0,0.8663885829852959
78,ldbkemd,LDA,0.9126126126126126,0.9052439123298882
81,original,CT,1.0,0.8550804866288343
81,original,LDA,1.0,0.7388536329622466
81,ldbk,CT,1.0,0.8944517225611083
81,ldbk,LDA,0.922077922077922,0.8932207207207207
81,ldbkash,CT,1.0,0.6981684487204991
81,ldbkash,LDA,0.75426944971537,0.59783297140789
81,ldbkemd,CT,1.0,0.9230918830996623
81,ldbkemd,LDA,0.922077922077922,0.8899098366671748
2,original,CT,1.0,0.874954216217756
2,original,LDA,1.0,0.710221088686229
2,ldbk,CT,1.0,0.9243898664805232
2,ldbk,LDA,0.890818858560794,0.854788335253726
2,ldbkash,CT,1.0,0.8167104171810993
2,ldbkash,LDA,0.8364197530864198,0.6875848208640518
2,ldbkemd,CT,1.0,0.8991590508257175
2,ldbkemd,LDA,0.9177631578947368,0.8580097812987547
74,original,CT,1.0,0.8160563841686047
74,original,LDA,1.0,0.7092928968294547
74,ldbk,CT,1.0,0.9125064157399487
74,ldbk,LDA,0.8814217443249701,0.8760600128684491
74,ldbkash,CT,1.0,0.5920541947321234
74,ldbkash,LDA,0.621957671957672,0.5509621609729918
74,ldbkemd,CT,1.0,0.9123237679795864
74,ldbkemd,LDA,0.8924924924924925,0.8932086774503576
41,original,CT,1.0,0.840941907521782
41,original,LDA,1.0,0.6845056819862183
41,ldbk,CT,1.0,0.9124167128618167
41,ldbk,LDA,0.9201228878648233,0.856343984183218
41,ldbkash,CT,1.0,0.5778890687232041
41,ldbkash,LDA,0.6750805152979067,0.4959803503221173
41,ldbkemd,CT,1.0,0.9368405364749308
41,ldbkemd,LDA,0.9295343137254902,0.8577320745541867
65,original,CT,1.0,0.8165582513795974
65,original,LDA,1.0,0.7079778902393958
65,ldbk,CT,1.0,0.8648976331955055
65,ldbk,LDA,0.9809523809523809,0.856858909765821
65,ldbkash,CT,1.0,0.7562192603461863
65,ldbkash,LDA,0.8662469751966122,0.6909653440246992
65,ldbkemd,CT,1.0,0.9034500061196022
65,ldbkemd,LDA,0.9797979797979798,0.8502558644004812
51,original,CT,1.0,0.7923597799077032
51,original,LDA,1.0,0.7428523198855832
51,ldbk,CT,1.0,0.9253782548531078
51,ldbk,LDA,0.9332462714815656,0.8778450955175093
51,ldbkash,CT,1.0,0.6825013400675726
51,ldbkash,LDA,0.7766792347437509,0.5684351913121857
51,ldbkemd,CT,1.0,0.9362263665613573
51,ldbkemd,LDA,0.9306397306397306,0.885861290143441
53,original,CT,1.0,0.8618272405264525
53,original,LDA,1.0,0.5975901541807094
53,ldbk,CT,1.0,0.8997232622232623
53,ldbk,LDA,0.8885941644562334,0.8201449663396202
53,ldbkash,CT,1.0,0.7964013371937847
53,ldbkash,LDA,0.7306324265165729,0.5650716190133689
53,ldbkemd,CT,1.0,0.849877155921755
53,ldbkemd,LDA,0.8544027898866609,0.8536796037228788
27,original,CT,1.0,0.8579392450512591
27,original,LDA,1.0,0.6959521805542567
27,ldbk,CT,1.0,0.8739240480503951
27,ldbk,LDA,0.9417027417027417,0.8681164124202099
27,ldbkash,CT,1.0,0.5802334904048465
27,ldbkash,LDA,0.6838562700631665,0.5180501476262092
27,ldbkemd,CT,1.0,0.8798130783612141
27,ldbkemd,LDA,0.9316017316017315,0.8701315586325703
75,original,CT,1.0,0.8329183046649085
75,original,LDA,1.0,0.6840534101093132
75,ldbk,CT,1.0,0.9047258844233895
75,ldbk,LDA,0.884313725490196,0.8801650437722439
75,ldbkash,CT,1.0,0.6438704640143489
75,ldbkash,LDA,0.7189012758168205,0.5115818864816402
75,ldbkemd,CT,1.0,0.923952311887741
75,ldbkemd,LDA,0.8947811447811448,0.8818270165208941
42,original,CT,1.0,0.8147454868134643
42,original,LDA,1.0,0.7864849894760164
42,ldbk,CT,1.0,0.8160675381263617
42,ldbk,LDA,0.8782051282051282,0.8130726804526337
42,ldbkash,CT,1.0,0.7201553639887801
42,ldbkash,LDA,0.7068620268620269,0.5348568484003298
42,ldbkemd,CT,1.0,0.8798439831773165
42,ldbkemd,LDA,0.9393939393939394,0.8967095353956668
33,original,CT,1.0,0.8172462905605204
33,original,LDA,1.0,0.7515848173151972
33,ldbk,CT,1.0,0.8803932391737619
33,ldbk,LDA,0.8998463901689708,0.8814977160104052
33,ldbkash,CT,1.0,0.7001937496453812
33,ldbkash,LDA,0.6383928571428572,0.4218806559886533
33,ldbkemd,CT,1.0,0.9095948942790314
33,ldbkemd,LDA,0.8890931372549019,0.8827074212314124
28,original,CT,1.0,0.8469039933308589
28,original,LDA,1.0,0.7103672361235298
28,ldbk,CT,1.0,0.8773796887029576
28,ldbk,LDA,0.9518518518518518,0.9011180477641365
28,ldbkash,CT,1.0,0.8819021490178314
28,ldbkash,LDA,0.9497549019607843,0.8835125479357543
28,ldbkemd,CT,1.0,0.9155138677753353
28,ldbkemd,LDA,0.9295343137254902,0.8996439703463448
50,original,CT,1.0,0.8113180352358674
50,original,LDA,1.0,0.7340115352288207
50,ldbk,CT,1.0,0.9440641322683576
50,ldbk,LDA,0.9224537037037037,0.9008999772157666
50,ldbkash,CT,1.0,0.6883442673385052
50,ldbkash,LDA,0.6862899560672626,0.5498276883450264
50,ldbkemd,CT,1.0,0.9231691084660056
50,ldbkemd,LDA,0.9316017316017315,0.8972755733182133
52,original,CT,1.0,0.8189404804420082
52,original,LDA,1.0,0.7250480917490982
52,ldbk,CT,1.0,0.9041181928554569
52,ldbk,LDA,0.9327327327327327,0.8987117961457393
52,ldbkash,CT,1.0,0.5329826520147571
52,ldbkash,LDA,0.6754742547425474,0.5405320287390845
52,ldbkemd,CT,1.0,0.8924526036664301
52,ldbkemd,LDA,0.9528528528528528,0.9133079892625816
63,original,CT,1.0,0.8283133146653966
63,original,LDA,1.0,0.7649616402116403
63,ldbk,CT,1.0,0.9249240820268178
63,ldbk,LDA,0.9403993855606759,0.8652400441193545
63,ldbkash,CT,1.0,0.7623980649290194
63,ldbkash,LDA,0.8233603786342123,0.7121165814269337
63,ldbkemd,CT,1.0,0.9044732026383403
63,ldbkemd,LDA,0.9595959595959596,0.8748288805246933
92,original,CT,1.0,0.7912013913318849
92,original,LDA,1.0,0.7032980233566709
92,ldbk,CT,1.0,0.8920135816629344
92,ldbk,LDA,0.9494578134284016,0.8569384254174838
92,ldbkash,CT,1.0,0.5692199293841189
92,ldbkash,LDA,0.7309815486993345,0.5152594388415384
92,ldbkemd,CT,1.0,0.8704490858559226
92,ldbkemd,LDA,0.9494578134284016,0.8542198368170636
88,original,CT,1.0,0.8628817052468547
88,original,LDA,1.0,0.6120874773661151
88,ldbk,CT,1.0,0.8714962035645147
88,ldbk,LDA,0.876608187134503,0.8476663603517823
88,ldbkash,CT,1.0,0.8437998368186139
88,ldbkash,LDA,0.9144835892803372,0.8483361795752107
88,ldbkemd,CT,1.0,0.8793158059486414
88,ldbkemd,LDA,0.8685529030356617,0.8478122443727539
93,original,CT,1.0,0.8223197724250437
93,original,LDA,1.0,0.6791219059687874
93,ldbk,CT,1.0,0.9254676849798801
93,ldbk,LDA,0.9244405696018599,0.8625642673848163
93,ldbkash,CT,1.0,0.5312565602039288
93,ldbkash,LDA,0.5946341077920025,0.4356097091190354
93,ldbkemd,CT,1.0,0.8971148029630005
93,ldbkemd,LDA,0.9125224014336918,0.8632071108681366
26,original,CT,1.0,0.7720547239175463
26,original,LDA,1.0,0.6585849478556351
26,ldbk,CT,1.0,0.9342374511866037
26,ldbk,LDA,0.8953418027828192,0.8773293646753894
26,ldbkash,CT,1.0,0.6751427728100483
26,ldbkash,LDA,0.6887883358471594,0.5747016946249028
26,ldbkemd,CT,1.0,0.9034886785241346
26,ldbkemd,LDA,0.9093137254901961,0.8782335415743974
10,original,CT,1.0,0.8132406600148535
10,original,LDA,1.0,0.6801089506568113
10,ldbk,CT,1.0,0.9063506511566587
10,ldbk,LDA,0.9393939393939394,0.8482129598995469
10,ldbkash,CT,1.0,0.5787225442272803
10,ldbkash,LDA,0.60625,0.4156386358353793
10,ldbkemd,CT,1.0,0.866804851834792
10,ldbkemd,LDA,0.9298499702911468,0.8461290307886726
77,original,CT,1.0,0.7801112895179957
77,original,LDA,1.0,0.6964217324873063
77,ldbk,CT,1.0,0.9192682955427821
77,ldbk,LDA,0.8651471984805318,0.7852525500198676
77,ldbkash,CT,1.0,0.6164480762659237
77,ldbkash,LDA,0.7322472848788639,0.5332257503640434
77,ldbkemd,CT,1.0,0.9214980703413118
77,ldbkemd,LDA,0.9211309523809523,0.878163350432505
24,original,CT,1.0,0.8456087732871528
24,original,LDA,1.0,0.6101987387552308
24,ldbk,CT,1.0,0.8671643533273228
24,ldbk,LDA,0.912037037037037,0.8837276906195621
24,ldbkash,CT,1.0,0.5818496044405947
24,ldbkash,LDA,0.666955266955267,0.4326495661241424
24,ldbkemd,CT,1.0,0.9158436328145066
24,ldbkemd,LDA,0.892156862745098,0.8730243900055221
87,original,CT,1.0,0.8064755933721451
87,original,LDA,1.0,0.7172489032873846
87,ldbk,CT,1.0,0.8507211034419369
87,ldbk,LDA,0.9321983273596177,0.8922077922077922
87,ldbkash,CT,1.0,0.810056418025532
87,ldbkash,LDA,0.7552725900773439,0.5896782552413471
87,ldbkemd,CT,1.0,0.8406863024121097
87,ldbkemd,LDA,0.9321983273596177,0.8932337382674438
58,original,CT,1.0,0.8217820573185813
58,original,LDA,1.0,0.6717741192689717
58,ldbk,CT,1.0,0.9438983284584473
58,ldbk,LDA,0.8508928571428571,0.8769596418280629
58,ldbkash,CT,1.0,0.6633608311278789
58,ldbkash,LDA,0.8307782572488455,0.6748508979779768
58,ldbkemd,CT,1.0,0.9213511105728224
58,ldbkemd,LDA,0.9136878814298169,0.8974073107582465
25,original,CT,1.0,0.8113561910391881
25,original,LDA,1.0,0.6314252201664696
25,ldbk,CT,1.0,0.8970567752457829
25,ldbk,LDA,0.84375,0.8655586932840769
25,ldbkash,CT,1.0,0.6856894325518179
25,ldbkash,LDA,0.7136752136752136,0.5564353357538565
25,ldbkemd,CT,1.0,0.8978240327854928
25,ldbkemd,LDA,0.8389926428975665,0.8697611126905038
23,original,CT,1.0,0.814065465666557
23,original,LDA,1.0,0.7277975211204852
23,ldbk,CT,1.0,0.8725329607682549
23,ldbk,LDA,0.9237237237237237,0.8589793375726098
23,ldbkash,CT,1.0,0.5717612690273484
23,ldbkash,LDA,0.7151532677848467,0.6250261671984974
23,ldbkemd,CT,1.0,0.8894586708474872
23,ldbkemd,LDA,0.9211309523809523,0.8756833206203916
49,original,CT,1.0,0.8363593343680764
49,original,LDA,1.0,0.7287466612225455
49,ldbk,CT,1.0,0.8986354181705406
49,ldbk,LDA,0.9722222222222222,0.8732717905767039
49,ldbkash,CT,1.0,0.758403880705321
49,ldbkash,LDA,0.7938922695514988,0.7337627482555018
49,ldbkemd,CT,1.0,0.8986354181705406
49,ldbkemd,LDA,0.9809523809523809,0.8904176763958366
59,original,CT,1.0,0.7835916330519399
59,original,LDA,1.0,0.7047420696905233
59,ldbk,CT,1.0,0.8828503935420413
59,ldbk,LDA,0.8964912280701754,0.8810435683462627
59,ldbkash,CT,1.0,0.5548839596438648
59,ldbkash,LDA,0.674224922278315,0.4431090849863413
59,ldbkemd,CT,1.0,0.8847849296142066
59,ldbkemd,LDA,0.8964912280701754,0.8810435683462627
5,original,CT,1.0,0.8407546321967649
5,original,LDA,1.0,0.6919409664170695
5,ldbk,CT,1.0,0.8952505369584578
5,ldbk,LDA,0.8935185185185185,0.8594606911212297
5,ldbkash,CT,1.0,0.7238855111551044
5,ldbkash,LDA,0.6679316888045541,0.534157376170364
5,ldbkemd,CT,1.0,0.8950974594664713
5,ldbkemd,LDA,0.9018759018759018,0.8547929267301293
31,original,CT,1.0,0.8429400140243514
31,original,LDA,1.0,0.6612318682825138
31,ldbk,CT,1.0,0.8930359967719754
31,ldbk,LDA,0.9011904761904762,0.8696412903176421
31,ldbkash,CT,1.0,0.7566959051876616
31,ldbkash,LDA,0.7063813379602852,0.5325808436630772
31,ldbkemd,CT,1.0,0.9208686964123783
31,ldbkemd,LDA,0.9052631578947369,0.8475205402284374
89,original,CT,1.0,0.8596656165817715
89,original,LDA,1.0,0.8022166047167629
89,ldbk,CT,1.0,0.9215690760535239
89,ldbk,LDA,0.9606758832565284,0.9063743057257209
89,ldbkash,CT,1.0,0.6396357588890442
89,ldbkash,LDA,0.7486420589868865,0.5425491038360302
89,ldbkemd,CT,1.0,0.9318459352767656
89,ldbkemd,LDA,0.9606758832565284,0.9018396029080877
62,original,CT,1.0,0.8501143395211191
62,original,LDA,1.0,0.709542146314039
62,ldbk,CT,1.0,0.9568416154227041
62,ldbk,LDA,0.9244405696018599,0.8958971680594243
62,ldbkash,CT,1.0,0.5597814310272597
62,ldbkash,LDA,0.6641502129307006,0.4564970217914749
62,ldbkemd,CT,1.0,0.924476859801337
62,ldbkemd,LDA,0.9328703703703703,0.899562054136434
43,original,CT,1.0,0.8331927870993656
43,original,LDA,1.0,0.6814604424825907
43,ldbk,CT,1.0,0.881651869787463
43,ldbk,LDA,0.9014336917562724,0.8941295252841552
43,ldbkash,CT,1.0,0.5346387693164727
43,ldbkash,LDA,0.7543771043771044,0.5233094724662373
43,ldbkemd,CT,1.0,0.9063167829574948
43,ldbkemd,LDA,0.8907738095238096,0.8895545296682075
90,original,CT,1.0,0.840234759040285
90,original,LDA,1.0,0.6556049854840797
90,ldbk,CT,1.0,0.869557279780922
90,ldbk,LDA,0.8978827377047622,0.871598277311418
90,ldbkash,CT,1.0,0.8547621054443002
90,ldbkash,LDA,0.8857385398981324,0.877230166203033
90,ldbkemd,CT,1.0,0.866207159037237
90,ldbkemd,LDA,0.9203548085901028,0.8469742784933285
39,original,CT,1.0,0.8354918355301987
39,original,LDA,1.0,0.6810694450807613
39,ldbk,CT,1.0,0.8902798361677939
39,ldbk,LDA,0.8890931372549019,0.8527028904677454
39,ldbkash,CT,1.0,0.6318259629784106
39,ldbkash,LDA,0.7415824915824916,0.5533778134729326
39,ldbkemd,CT,1.0,0.9055252767363661
39,ldbkemd,LDA,0.9093137254901961,0.8420026859343611
34,original,CT,1.0,0.8433184509985008
34,original,LDA,1.0,0.7431254405296462
34,ldbk,CT,1.0,0.9202431346160367
34,ldbk,LDA,0.8997198879551821,0.8947896283547012
34,ldbkash,CT,1.0,0.6260183015234946
34,ldbkash,LDA,0.6241117571059431,0.48021629455778214
34,ldbkemd,CT,1.0,0.9227739041865988
34,ldbkemd,LDA,0.9185420380273321,0.8891088595303656
44,original,CT,1.0,0.8693874724965658
44,original,LDA,1.0,0.7124540424082808
44,ldbk,CT,1.0,0.8406021214216018
44,ldbk,LDA,0.9509803921568627,0.8715449359647311
44,ldbkash,CT,1.0,0.5998419080593649
44,ldbkash,LDA,0.7481078061723223,0.4991294713516936
44,ldbkemd,CT,1.0,0.8650464511334076
44,ldbkemd,LDA,0.9411255411255411,0.86991748703586
94,original,CT,1.0,0.8761957963537725
94,original,LDA,1.0,0.739017380663811
94,ldbk,CT,1.0,0.8644006703685593
94,ldbk,LDA,0.9004980682400037,0.8745853006677436
94,ldbkash,CT,1.0,0.5823043687759342
94,ldbkash,LDA,0.6286744639376218,0.562563017707095
94,ldbkemd,CT,1.0,0.9459007388204478
94,ldbkemd,LDA,0.8787878787878788,0.8787893948895942
55,original,CT,1.0,0.8200937099238074
55,original,LDA,1.0,0.6593819907121794
55,ldbk,CT,1.0,0.8872620193704582
55,ldbk,LDA,0.9421296296296297,0.8980609323113166
55,ldbkash,CT,1.0,0.7352351092922451
55,ldbkash,LDA,0.8075594656239817,0.5845994393800202
55,ldbkemd,CT,1.0,0.8797459269812118
55,ldbkemd,LDA,0.9316017316017315,0.8991740310684535
86,original,CT,1.0,0.8589890570863987
86,original,LDA,1.0,0.6494394332424029
86,ldbk,CT,1.0,0.8479584257613842
86,ldbk,LDA,0.9011904761904762,0.907924653609751
86,ldbkash,CT,1.0,0.6846001469128247
86,ldbkash,LDA,0.7546977124183006,0.7046550617146473
86,ldbkemd,CT,1.0,0.9159438261420056
86,ldbkemd,LDA,0.9304812834224598,0.9053497942386831
17,original,CT,1.0,0.8231723256583373
17,original,LDA,1.0,0.7444575019640939
17,ldbk,CT,1.0,0.9158839065384768
17,ldbk,LDA,0.9354636591478697,0.8962856880238864
17,ldbkash,CT,1.0,0.8956906099303015
17,ldbkash,LDA,0.9699754901960784,0.9072240000407639
17,ldbkemd,CT,1.0,0.8464344699964355
17,ldbkemd,LDA,0.9314814814814815,0.8908852392453297
99,original,CT,1.0,0.8308705141273949
99,original,LDA,1.0,0.7790965576367477
99,ldbk,CT,1.0,0.9115171622421632
99,ldbk,LDA,0.9203802733214498,0.8871871274913344
99,ldbkash,CT,1.0,0.6570061979364306
99,ldbkash,LDA,0.774712643678161,0.6450779875123551
99,ldbkemd,CT,1.0,0.9202704451345756
99,ldbkemd,LDA,0.9610119047619048,0.897736232522267
71,original,CT,1.0,0.8324017199017198
71,original,LDA,1.0,0.7182825323398667
71,ldbk,CT,1.0,0.9099173042999517
71,ldbk,LDA,0.9203802733214498,0.8705736884425409
71,ldbkash,CT,1.0,0.6502137907313585
71,ldbkash,LDA,0.6907765629380431,0.5116282733421758
71,ldbkemd,CT,1.0,0.8899806945365443
71,ldbkemd,LDA,0.9306547619047619,0.858036913986797
37,original,CT,1.0,0.8223550835261242
37,original,LDA,1.0,0.6879165829759787
37,ldbk,CT,1.0,0.882750548007901
37,ldbk,LDA,0.8894087938205585,0.8678334863303878
37,ldbkash,CT,1.0,0.717271639409653
37,ldbkash,LDA,0.7228758169934641,0.5336807010463291
37,ldbkemd,CT,1.0,0.8773577240205915
37,ldbkemd,LDA,0.9004980682400037,0.8715268357725233
47,original,CT,1.0,0.8194731159642717
47,original,LDA,1.0,0.7055291233631751
47,ldbk,CT,1.0,0.8879942679962827
47,ldbk,LDA,0.9191919191919192,0.9106551862306628
47,ldbkash,CT,1.0,0.7257242555013077
47,ldbkash,LDA,0.764367816091954,0.6328401574096911
47,ldbkemd,CT,1.0,0.896778757682025
47,ldbkemd,LDA,0.9093137254901961,0.9095920252538477
9,original,CT,1.0,0.8590076583646646
9,original,LDA,1.0,0.6521646379645387
9,ldbk,CT,1.0,0.922812149906521
9,ldbk,LDA,0.9036036036036036,0.8936010336084937
9,ldbkash,CT,1.0,0.8274453256428743
9,ldbkash,LDA,0.8578898225957049,0.8094907890515622
9,ldbkemd,CT,1.0,0.9396152191284037
9,ldbkemd,LDA,0.9410714285714286,0.8901396198830409
73,original,CT,1.0,0.8245879019054909
73,original,LDA,1.0,0.6694112491227291
73,ldbk,CT,1.0,0.9212527456555238
73,ldbk,LDA,0.8935185185185185,0.875496573302511
73,ldbkash,CT,1.0,0.8705072604599133
73,ldbkash,LDA,0.872922502334267,0.822124339571841
73,ldbkemd,CT,1.0,0.9291288230253966
73,ldbkemd,LDA,0.8935185185185185,0.875496573302511
82,original,CT,1.0,0.8180869993227905
82,original,LDA,1.0,0.6492804135145653
82,ldbk,CT,1.0,0.902962198524634
82,ldbk,LDA,0.9191919191919192,0.8711115672322569
82,ldbkash,CT,1.0,0.8412003290520164
82,ldbkash,LDA,0.9304812834224598,0.8402624093017549
82,ldbkemd,CT,1.0,0.9081196581196581
82,ldbkemd,LDA,0.9201228878648233,0.8744244084303432
12,original,CT,1.0,0.8570654096430333
12,original,LDA,1.0,0.7187097426229814
12,ldbk,CT,1.0,0.8636196636196636
12,ldbk,LDA,0.8917004142810594,0.857659541498338
12,ldbkash,CT,1.0,0.7325196099827307
12,ldbkash,LDA,0.7031822344322345,0.5613560049004087
12,ldbkemd,CT,1.0,0.8982226515589984
12,ldbkemd,LDA,0.8917004142810594,0.8711078564074691
79,original,CT,1.0,0.8277946456172754
79,original,LDA,1.0,0.6967887750045987
79,ldbk,CT,1.0,0.9412684721982635
79,ldbk,LDA,0.9393939393939394,0.8931315714691673
79,ldbkash,CT,1.0,0.7783674241786649
79,ldbkash,LDA,0.8264827327327328,0.6886395060611088
79,ldbkemd,CT,1.0,0.8897660769256791
79,ldbkemd,LDA,0.9393939393939394,0.8920271242944274
20,original,CT,1.0,0.8100788636886097
20,original,LDA,1.0,0.5822817179350313
20,ldbk,CT,1.0,0.8793751124789924
20,ldbk,LDA,0.8881578947368421,0.9052832335606179
20,ldbkash,CT,1.0,0.6369224567575491
20,ldbkash,LDA,0.6605908711171868,0.5607387278751024
20,ldbkemd,CT,1.0,0.8880912194658054
20,ldbkemd,LDA,0.8993658671078026,0.8984416897813958
6,original,CT,1.0,0.8575254291669635
6,original,LDA,1.0,0.6358725260491076
6,ldbk,CT,1.0,0.8779083237612907
6,ldbk,LDA,0.9102606951871658,0.8628788409400654
6,ldbkash,CT,1.0,0.8514694538331151
6,ldbkash,LDA,0.8907738095238096,0.8378902969011255
6,ldbkemd,CT,1.0,0.905938687332036
6,ldbkemd,LDA,0.899862596553773,0.8633853464329287
84,original,CT,1.0,0.8470346106884569
84,original,LDA,1.0,0.6784019971329268
84,ldbk,CT,1.0,0.9128215835585032
84,ldbk,LDA,0.9358741681790683,0.8851279615788864
84,ldbkash,CT,1.0,0.6638494628084621
84,ldbkash,LDA,0.8047165047966972,0.5677956072522385
84,ldbkemd,CT,1.0,0.9078168752387981
84,ldbkemd,LDA,0.9358741681790683,0.8851279615788864
80,original,CT,1.0,0.8103845068454971
80,original,LDA,1.0,0.6913569398121335
80,ldbk,CT,1.0,0.9073330317638592
80,ldbk,LDA,0.9403993855606759,0.8769494003293652
80,ldbkash,CT,1.0,0.726927010276484
80,ldbkash,LDA,0.7133967823622995,0.5959484745611914
80,ldbkemd,CT,1.0,0.9394210564598543
80,ldbkemd,LDA,0.9403993855606759,0.8769512433566184
98,original,CT,1.0,0.8306975958588861
98,original,LDA,1.0,0.7473488710983829
98,ldbk,CT,1.0,0.8696556473829201
98,ldbk,LDA,0.9295343137254902,0.9066376890641279
98,ldbkash,CT,1.0,0.7669688458708842
98,ldbkash,LDA,0.741321044546851,0.4949722791494052
98,ldbkemd,CT,1.0,0.938034188034188
98,ldbkemd,LDA,0.9111111111111111,0.903438006394254
70,original,CT,1.0,0.8352121801101393
70,original,LDA,1.0,0.5984196526053152
70,ldbk,CT,1.0,0.8853311569879634
70,ldbk,LDA,0.9121863799283154,0.9010880316518298
70,ldbkash,CT,1.0,0.6751326999420135
70,ldbkash,LDA,0.7569023569023569,0.5756436186810883
70,ldbkemd,CT,1.0,0.9218882718586634
70,ldbkemd,LDA,0.9402852049910874,0.894074394719556
14,original,CT,1.0,0.8425182773251756
14,original,LDA,1.0,0.6553906674832484
14,ldbk,CT,1.0,0.875237587999015
14,ldbk,LDA,0.9036036036036036,0.8288418772133181
14,ldbkash,CT,1.0,0.7426010298018411
14,ldbkash,LDA,0.748062015503876,0.5889131315462137
14,ldbkemd,CT,1.0,0.8780948977250209
14,ldbkemd,LDA,0.9321983273596177,0.873600789770925
7,original,CT,1.0,0.8289219868904107
7,original,LDA,1.0,0.6769880516849422
7,ldbk,CT,1.0,0.8926233647480135
7,ldbk,LDA,0.9207734380148174,0.8694956221139545
7,ldbkash,CT,1.0,0.5799519943979972
7,ldbkash,LDA,0.6857731729055259,0.4999101513732481
7,ldbkemd,CT,1.0,0.88950883613962
7,ldbkemd,LDA,0.892156862745098,0.8658043546983762
96,original,CT,1.0,0.8284652903369784
96,original,LDA,1.0,0.6769770512620046
96,ldbk,CT,1.0,0.867331694582595
96,ldbk,LDA,0.9613275613275614,0.8929537346475457
96,ldbkash,CT,1.0,0.8556608283007178
96,ldbkash,LDA,0.9105763517528224,0.802270242854796
96,ldbkemd,CT,1.0,0.8839975827913711
96,ldbkemd,LDA,0.9613275613275614,0.8879367431213078
57,original,CT,1.0,0.8471281672278032
57,original,LDA,1.0,0.695566318068987
57,ldbk,CT,1.0,0.9080283622219106
57,ldbk,LDA,0.9445382882882882,0.8832511579326866
57,ldbkash,CT,1.0,0.8370882936841499
57,ldbkash,LDA,0.8472128314927504,0.7498919426182649
57,ldbkemd,CT,1.0,0.9120088823314629
57,ldbkemd,LDA,0.9290598290598291,0.8762005293545296
8,original,CT,1.0,0.8436440546070236
8,original,LDA,1.0,0.648589065255732
8,ldbk,CT,1.0,0.8282225594398486
8,ldbk,LDA,0.8698412698412699,0.8353954964019312
8,ldbkash,CT,1.0,0.5124827763555064
8,ldbkash,LDA,0.6857142857142857,0.4892544859309602
8,ldbkemd,CT,1.0,0.9107397894219058
8,ldbkemd,LDA,0.9002141086319585,0.875305528482876
64,original,CT,1.0,0.8255625741657261
64,original,LDA,1.0,0.6455958084895581
64,ldbk,CT,1.0,0.8904686053669011
64,ldbk,LDA,0.8952380952380953,0.8997080340469168
64,ldbkash,CT,1.0,0.6526666483057462
64,ldbkash,LDA,0.7183151845130067,0.5289950649506494
64,ldbkemd,CT,1.0,0.928801702969315
64,ldbkemd,LDA,0.9203802733214498,0.885748003279454
19,original,CT,1.0,0.8247014758464841
19,original,LDA,1.0,0.7365762439219754
19,ldbk,CT,1.0,0.8756470232736133
19,ldbk,LDA,0.9306547619047619,0.8821747634908271
19,ldbkash,CT,1.0,0.545536687324127
19,ldbkash,LDA,0.7533037138300296,0.5302009014988109
19,ldbkemd,CT,1.0,0.8861677178871725
19,ldbkemd,LDA,0.9237472766884531,0.8497583029788723
91,original,CT,1.0,0.7914569621886695
91,original,LDA,1.0,0.6931302401123745
91,ldbk,CT,1.0,0.8807811140022694
91,ldbk,LDA,0.9209876543209876,0.8541687432052504
91,ldbkash,CT,1.0,0.8581542115982835
91,ldbkash,LDA,0.9334271771771772,0.802072968941713
91,ldbkemd,CT,1.0,0.861217501895468
91,ldbkemd,LDA,0.8924924924924925,0.8689913369030516
69,original,CT,1.0,0.8160732500451394
69,original,LDA,1.0,0.6543777543777545
69,ldbk,CT,1.0,0.8998856276728514
69,ldbk,LDA,0.9011904761904762,0.8692666675097798
69,ldbkash,CT,1.0,0.6685060284296318
69,ldbkash,LDA,0.7293731231231231,0.5524094224335965
69,ldbkemd,CT,1.0,0.9230185549546053
69,ldbkemd,LDA,0.8828282828282829,0.8665985856830274
60,original,CT,1.0,0.8397588033695185
60,original,LDA,1.0,0.6450963743588645
60,ldbk,CT,1.0,0.8451121880796756
60,ldbk,LDA,0.823953823953824,0.8918609348485913
60,ldbkash,CT,1.0,0.6130727552253921
60,ldbkash,LDA,0.7236093236093236,0.5207017181102547
60,ldbkemd,CT,1.0,0.8519782354651824
60,ldbkemd,LDA,0.823953823953824,0.8914035574110919
97,original,CT,1.0,0.7821654461897188
97,original,LDA,1.0,0.6693919624064018
97,ldbk,CT,1.0,0.8823669690451698
97,ldbk,LDA,0.8924924924924925,0.8542734282050598
97,ldbkash,CT,1.0,0.8051217254394892
97,ldbkash,LDA,0.7163690476190476,0.6397406880053413
97,ldbkemd,CT,1.0,0.8619814021348549
97,ldbkemd,LDA,0.9046788724208079,0.8802290374094556
4,original,CT,1.0,0.8017989417989418
4,original,LDA,1.0,0.6854658534850764
4,ldbk,CT,1.0,0.9030947576608646
4,ldbk,LDA,0.8964912280701754,0.8378572751637767
4,ldbkash,CT,1.0,0.7012900831848505
4,ldbkash,LDA,0.8080808080808081,0.5319890902279791
4,ldbkemd,CT,1.0,0.9169669117228066
4,ldbkemd,LDA,0.9027777777777778,0.8483829876559057
22,original,CT,1.0,0.8075309692110214
22,original,LDA,1.0,0.6540592722826304
22,ldbk,CT,1.0,0.8740425204029567
22,ldbk,LDA,0.9105763517528224,0.89699066579091
22,ldbkash,CT,1.0,0.8799972103250792
22,ldbkash,LDA,0.9410714285714286,0.8696990201388672
22,ldbkemd,CT,1.0,0.8568645745212338
22,ldbkemd,LDA,0.9211309523809523,0.8930646683308565
11,original,CT,1.0,0.8659659384867462
11,original,LDA,1.0,0.7093728839267928
11,ldbk,CT,1.0,0.9257262071038348
11,ldbk,LDA,0.9304812834224598,0.8934607548655887
11,ldbkash,CT,1.0,0.5323978349369136
11,ldbkash,LDA,0.6245172311348781,0.36594532099764876
11,ldbkemd,CT,1.0,0.8889137163273342
11,ldbkemd,LDA,0.9203802733214498,0.8895581179894906
35,original,CT,1.0,0.8642867748076071
35,original,LDA,1.0,0.7466638604323474
35,ldbk,CT,1.0,0.8909392593794143
35,ldbk,LDA,0.8959140274929749,0.8745710181636759
35,ldbkash,CT,1.0,0.5857135037185832
35,ldbkash,LDA,0.6361467958831042,0.3654592370690706
35,ldbkemd,CT,1.0,0.9426846541400999
35,ldbkemd,LDA,0.9165907192222982,0.8832190805906552
13,original,CT,1.0,0.8640321625973941
13,original,LDA,1.0,0.749144038756469
13,ldbk,CT,1.0,0.9204662404434458
13,ldbk,LDA,0.9041137326073805,0.8792477195296187
13,ldbkash,CT,1.0,0.5714850332462673
13,ldbkash,LDA,0.7452861952861953,0.5600937509981947
13,ldbkemd,CT,1.0,0.8741302977606134
13,ldbkemd,LDA,0.8924924924924925,0.8800201051399944
15,original,CT,1.0,0.8302867584944169
15,original,LDA,1.0,0.6720768984457746
15,ldbk,CT,1.0,0.9094647912412288
15,ldbk,LDA,0.9327327327327327,0.8779704342376577
15,ldbkash,CT,1.0,0.7056726440709276
15,ldbkash,LDA,0.8501602564102564,0.7406514577873826
15,ldbkemd,CT,1.0,0.9265833475786182
15,ldbkemd,LDA,0.9327327327327327,0.8774054903410666
61,original,CT,1.0,0.858915872924235
61,original,LDA,1.0,0.6384651697207182
61,ldbk,CT,1.0,0.8787119859471516
61,ldbk,LDA,0.88125,0.8873934834901231
61,ldbkash,CT,1.0,0.6879422106793212
61,ldbkash,LDA,0.6697898592635434,0.5110124728081684
61,ldbkemd,CT,1.0,0.8823959759975034
61,ldbkemd,LDA,0.88125,0.889961163695341
67,original,CT,1.0,0.8303113914071738
67,original,LDA,1.0,0.746367152807184
67,ldbk,CT,1.0,0.8941523563083196
67,ldbk,LDA,0.9209876543209876,0.8805800696021516
67,ldbkash,CT,1.0,0.5740760766533961
67,ldbkash,LDA,0.7645757020757021,0.5128891614319353
67,ldbkemd,CT,1.0,0.8791067743957623
67,ldbkemd,LDA,0.9237237237237237,0.8885926409180825
16,original,CT,1.0,0.892589883816024
16,original,LDA,1.0,0.6480787129371095
16,ldbk,CT,1.0,0.9137572869190234
16,ldbk,LDA,0.9105763517528224,0.8723468903508791
16,ldbkash,CT,1.0,0.618032879989602
16,ldbkash,LDA,0.6310892172961138,0.45311660196479464
16,ldbkemd,CT,1.0,0.883387352005452
16,ldbkemd,LDA,0.898989898989899,0.874753490156677
100,original,CT,1.0,0.8511437709917925
100,original,LDA,1.0,0.731419332783491
100,ldbk,CT,1.0,0.8941035409918615
100,ldbk,LDA,0.944202266782912,0.9177112357678205
100,ldbkash,CT,1.0,0.8642745243768262
100,ldbkash,LDA,0.892645180677635,0.7022899532333495
100,ldbkemd,CT,1.0,0.8753738305670582
100,ldbkemd,LDA,0.963963963963964,0.9135518348702626
40,original,CT,1.0,0.8322999048415051
40,original,LDA,1.0,0.7203275776247642
40,ldbk,CT,1.0,0.9024412680825136
40,ldbk,LDA,0.8831734960767219,0.8903826655010519
40,ldbkash,CT,1.0,0.7358782043091723
40,ldbkash,LDA,0.7504964171630838,0.5829001287905398
40,ldbkemd,CT,1.0,0.8768117373110117
40,ldbkemd,LDA,0.8822510822510823,0.8859455388093159
21,original,CT,1.0,0.8282967153178654
21,original,LDA,1.0,0.6854044208014352
21,ldbk,CT,1.0,0.8936720450581934
21,ldbk,LDA,0.9146959459459459,0.8654704978844259
21,ldbkash,CT,1.0,0.8706824532595857
21,ldbkash,LDA,0.8808732486151841,0.8863445359643461
21,ldbkemd,CT,1.0,0.8856751729197233
21,ldbkemd,LDA,0.8796420083184789,0.8850846870468045
38,original,CT,1.0,0.8324628469462328
38,original,LDA,1.0,0.6614119677206516
38,ldbk,CT,1.0,0.9158831348843777
38,ldbk,LDA,0.8707664884135472,0.8705081667074835
38,ldbkash,CT,1.0,0.8870026768103692
38,ldbkash,LDA,0.88125,0.8771959588342295
38,ldbkemd,CT,1.0,0.9227079238815563
38,ldbkemd,LDA,0.8707664884135472,0.8705081667074835
46,original,CT,1.0,0.819282819828944
46,original,LDA,1.0,0.6519825304662776
46,ldbk,CT,1.0,0.8902016239070878
46,ldbk,LDA,0.8941102756892231,0.8926629166159217
46,ldbkash,CT,1.0,0.6413673311960142
46,ldbkash,LDA,0.7047538200339558,0.55083970525147
46,ldbkemd,CT,1.0,0.8828941067778036
46,ldbkemd,LDA,0.8703703703703703,0.8921964277221803
72,original,CT,1.0,0.792273092369478
72,original,LDA,1.0,0.6510062391503526
72,ldbk,CT,1.0,0.8638191845643686
72,ldbk,LDA,0.9125224014336918,0.8751017406748731
72,ldbkash,CT,1.0,0.6227395045396469
72,ldbkash,LDA,0.7122765398627467,0.5048119603805228
72,ldbkemd,CT,1.0,0.9266332137205427
72,ldbkemd,LDA,0.9046788724208079,0.8761839036732975
83,original,CT,1.0,0.8401679763248531
83,original,LDA,1.0,0.5953993826922004
83,ldbk,CT,1.0,0.8621275160401176
83,ldbk,LDA,0.9222222222222223,0.88050651707639
83,ldbkash,CT,1.0,0.6460618168784287
83,ldbkash,LDA,0.7487711892606219,0.5386281249731899
83,ldbkemd,CT,1.0,0.8885795581789679
83,ldbkemd,LDA,0.8923520923520923,0.8669272852964328
45,original,CT,1.0,0.8510306200268677
45,original,LDA,1.0,0.7447882952546463
45,ldbk,CT,1.0,0.8522031143305252
45,ldbk,LDA,0.8925888363008039,0.8887779392738869
45,ldbkash,CT,1.0,0.5580346946774355
45,ldbkash,LDA,0.6661394937257006,0.4629004839443427
45,ldbkemd,CT,1.0,0.8759918913448896
45,ldbkemd,LDA,0.8893357291577536,0.8886817716010998
68,original,CT,1.0,0.8034972405890003
68,original,LDA,1.0,0.6785120245545355
68,ldbk,CT,1.0,0.8978928273690172
68,ldbk,LDA,0.9036036036036036,0.9052793101640151
68,ldbkash,CT,1.0,0.6887184968496849
68,ldbkash,LDA,0.7505655634687893,0.5666609417312782
68,ldbkemd,CT,1.0,0.9148883673097019
68,ldbkemd,LDA,0.8906714200831848,0.9090391416411916
56,original,CT,1.0,0.8500548232507956
56,original,LDA,1.0,0.7975913499399634
56,ldbk,CT,1.0,0.8924314171667298
56,ldbk,LDA,0.9393939393939394,0.8826902704453725
56,ldbkash,CT,1.0,0.6230464368503701
56,ldbkash,LDA,0.6347338935574229,0.42032779815219135
56,ldbkemd,CT,1.0,0.8961652021711073
56,ldbkemd,LDA,0.9393939393939394,0.8826902704453725
36,original,CT,1.0,0.8556999192742397
36,original,LDA,1.0,0.7803606796160604
36,ldbk,CT,1.0,0.9037664898404041
36,ldbk,LDA,0.9314814814814815,0.9016077698942149
36,ldbkash,CT,1.0,0.8059802598904746
36,ldbkash,LDA,0.7536945812807881,0.5809744873843949
36,ldbkemd,CT,1.0,0.914831317409688
36,ldbkemd,LDA,0.9314814814814815,0.9016077698942149
66,original,CT,1.0,0.8422172049556992
66,original,LDA,1.0,0.7330278090596929
66,ldbk,CT,1.0,0.9245771356698606
66,ldbk,LDA,0.9107142857142857,0.8735842203491107
66,ldbkash,CT,1.0,0.882258363451024
66,ldbkash,LDA,0.9036036036036036,0.870894691351807
66,ldbkemd,CT,1.0,0.9277739621489621
66,ldbkemd,LDA,0.9011904761904762,0.8654428917107915
76,original,CT,1.0,0.8471804801597173
76,original,LDA,1.0,0.7082580952229434
76,ldbk,CT,1.0,0.8941595297795435
76,ldbk,LDA,0.9522102747909199,0.8825033132929024
76,ldbkash,CT,1.0,0.46765000607614515
76,ldbkash,LDA,0.6933558558558559,0.4757668318910888
76,ldbkemd,CT,1.0,0.9544843160315576
76,ldbkemd,LDA,0.9522102747909199,0.8830531222666808
95,original,CT,1.0,0.7740066507391604
95,original,LDA,1.0,0.6572190649446508
95,ldbk,CT,1.0,0.8533582024964715
95,ldbk,LDA,0.8617458183990442,0.8434729892578052
95,ldbkash,CT,1.0,0.6241498138777171
95,ldbkash,LDA,0.7364800074477493,0.6933023082053145
95,ldbkemd,CT,1.0,0.8401154352364519
95,ldbkemd,LDA,0.8585172608941709,0.844271929812925
85,original,CT,1.0,0.8479495361120204
85,original,LDA,1.0,0.7140574161579232
85,ldbk,CT,1.0,0.8976914199342375
85,ldbk,LDA,0.8805704099821747,0.8764693432320667
85,ldbkash,CT,1.0,0.7555493591928205
85,ldbkash,LDA,0.7746927803379416,0.6408301849849369
85,ldbkemd,CT,1.0,0.9343432126842265
85,ldbkemd,LDA,0.9107142857142857,0.8891901836914624
48,original,CT,1.0,0.8424871319608161
48,original,LDA,1.0,0.6214392303488503
48,ldbk,CT,1.0,0.9163169903723078
48,ldbk,LDA,0.9131944444444444,0.8922253951907488
48,ldbkash,CT,1.0,0.681289975209439
48,ldbkash,LDA,0.7819088319088319,0.564731887742443
48,ldbkemd,CT,1.0,0.9059356332814734
48,ldbkemd,LDA,0.9131944444444444,0.8898884178295943
18,original,CT,1.0,0.8360064950678355
18,original,LDA,1.0,0.6393122787225964
18,ldbk,CT,1.0,0.831568406218706
18,ldbk,LDA,0.8935185185185185,0.8905591616400035
18,ldbkash,CT,1.0,0.6736384008485314
18,ldbkash,LDA,0.7413982153660013,0.6225441225441226
18,ldbkemd,CT,1.0,0.8414087685254014
18,ldbkemd,LDA,0.9056869369369369,0.8943929681804725
30,original,CT,1.0,0.8489925533403795
30,original,LDA,1.0,0.7357787915245129
30,ldbk,CT,1.0,0.8966125627764363
30,ldbk,LDA,0.9438438438438439,0.8881050967179441
30,ldbkash,CT,1.0,0.6336383941306221
30,ldbkash,LDA,0.7932098765432098,0.5583998351755415
30,ldbkemd,CT,1.0,0.9290963995641328
30,ldbkemd,LDA,0.9321983273596177,0.8913889391411552
3,original,CT,1.0,0.8608085252780528
3,original,LDA,1.0,0.6718496736197952
3,ldbk,CT,1.0,0.9009635050480455
3,ldbk,LDA,0.9295343137254902,0.8942265670052298
3,ldbkash,CT,1.0,0.5426702971497159
3,ldbkash,LDA,0.5943316897909261,0.48829685932605615
3,ldbkemd,CT,1.0,0.9208369915448229
3,ldbkemd,LDA,0.9314814814814815,0.9019674140292697
